ID,company_type,name
0,company,Est sit tempora.
1,company,Tempora dolore tempora.
2,company,Numquam sed quisquam etincidunt.
3,company,Est modi neque labore.
4,company,Adipisci sit velit quiquia.
5,company,Quaerat etincidunt velit.
6,company,Ipsum labore quiquia.
7,company,Voluptatem consectetur numquam consectetur.
8,company,Numquam quaerat dolore labore magnam.
9,company,Etincidunt labore numquam non quisquam.
10,company,Aliquam dolorem ipsum quaerat.
11,company,Quisquam non labore ipsum.
12,company,Modi quiquia tempora.
13,company,Porro dolor dolorem quisquam modi.
14,company,Quiquia ipsum numquam.
15,company,Consectetur dolor voluptatem.
16,company,Quiquia neque quisquam velit.
17,company,Tempora eius numquam adipisci amet.
18,company,Sed dolorem etincidunt dolorem quisquam.
19,company,Eius magnam voluptatem non.
20,company,Labore velit numquam.
21,company,Aliquam labore eius dolore.
22,company,Tempora neque adipisci quisquam.
23,company,Dolore aliquam non magnam.
24,company,Dolorem sit ut.
25,company,Labore neque tempora ut.
26,company,Etincidunt adipisci sit numquam.
27,company,Sit modi numquam etincidunt etincidunt.
28,company,Dolor eius velit tempora numquam.
29,company,Dolorem est numquam consectetur.
30,company,Numquam eius sed aliquam.
31,company,Velit voluptatem tempora aliquam quisquam.
32,company,Aliquam voluptatem etincidunt consectetur ipsum.
33,company,Labore dolor sed.
34,company,Sed quisquam dolore magnam ut.
35,company,Velit ipsum sed sed numquam.
36,company,Adipisci quiquia voluptatem tempora eius.
37,company,Quisquam neque etincidunt sit.
38,company,Velit amet velit.
39,company,Amet dolore ipsum.
40,company,Neque quiquia voluptatem sed tempora.
41,company,Velit non quaerat.
42,company,Ipsum aliquam velit.
43,company,Est adipisci labore.
44,company,Consectetur velit numquam voluptatem.
45,company,Neque dolore est dolorem.
46,company,Est quisquam adipisci modi.
47,company,Porro sed etincidunt.
48,company,Modi velit ut.
49,company,Magnam tempora adipisci etincidunt dolor.
50,company,Voluptatem voluptatem adipisci amet.
51,company,Numquam porro eius quaerat tempora.
52,company,Quiquia consectetur non.
53,company,Quiquia numquam modi porro.
54,company,Numquam quisquam quaerat.
55,company,Neque tempora dolore.
56,company,Quisquam porro aliquam aliquam eius.
57,company,Numquam consectetur aliquam aliquam.
58,company,Non dolor sit est.
59,company,Magnam non sit etincidunt dolore.
60,company,Eius ipsum ipsum.
61,company,Amet non ut amet.
62,company,Porro voluptatem quaerat.
63,company,Quaerat voluptatem dolorem consectetur.
64,company,Dolore est tempora neque quisquam.
65,company,Aliquam quiquia ipsum.
66,company,Amet adipisci dolore sit.
67,company,Dolorem est ipsum etincidunt modi.
68,company,Quisquam dolore consectetur neque.
69,company,Etincidunt amet quaerat quiquia.
70,company,Aliquam consectetur sed.
71,company,Ut est labore non.
72,company,Consectetur dolorem amet ut.
73,company,Non labore modi.
74,company,Amet sit quisquam dolor labore.
75,company,Aliquam magnam ut.
76,company,Etincidunt tempora velit neque.
77,company,Tempora dolore voluptatem voluptatem etincidunt.
78,company,Etincidunt consectetur ut.
79,company,Amet numquam porro velit ipsum.
80,company,Non est neque modi.
81,company,Consectetur labore velit non modi.
82,company,Velit aliquam aliquam.
83,company,Eius ipsum neque voluptatem aliquam.
84,company,Amet labore etincidunt quisquam sit.
85,company,Dolore ut quiquia.
86,company,Modi numquam magnam quaerat.
87,company,Quisquam est numquam labore.
88,company,Ut eius voluptatem magnam.
89,company,Est tempora non.
90,company,Etincidunt eius dolorem.
91,company,Non tempora dolor voluptatem etincidunt.
92,company,Modi ipsum dolorem porro.
93,company,Tempora non quiquia etincidunt.
94,company,Dolorem magnam porro.
95,company,Aliquam est est.
96,company,Est neque consectetur.
97,company,Voluptatem ipsum quaerat amet amet.
98,company,Porro est quaerat.
99,company,Ipsum amet velit.
100,company,Labore sit porro voluptatem.
101,company,Eius neque dolore aliquam quaerat.
102,company,Neque ut quiquia.
103,company,Dolore tempora voluptatem dolor quaerat.
104,company,Non porro dolorem.
105,company,Aliquam consectetur neque.
106,company,Quaerat etincidunt dolor velit magnam.
107,company,Dolorem non sed.
108,company,Dolorem sit tempora dolorem.
109,company,Etincidunt ipsum ut porro modi.
110,company,Velit tempora non eius quisquam.
111,company,Adipisci modi sed.
112,company,Magnam numquam quaerat.
113,company,Sed numquam adipisci est dolor.
114,company,Est sed numquam aliquam.
115,company,Ipsum numquam porro amet non.
116,company,Ut neque sit quiquia aliquam.
117,company,Sit dolore dolorem.
118,company,Labore sed adipisci numquam dolore.
119,company,Eius dolor neque.
120,company,Porro aliquam voluptatem numquam.
121,company,Labore etincidunt quaerat.
122,company,Eius tempora magnam.
123,company,Numquam dolor dolorem.
124,company,Adipisci aliquam labore tempora velit.
125,company,Consectetur quiquia magnam.
126,company,Adipisci velit adipisci numquam.
127,company,Modi porro magnam modi.
128,company,Modi modi magnam porro.
129,company,Est etincidunt ipsum.
130,company,Consectetur quisquam amet.
131,company,Eius est non ut magnam.
132,company,Neque quiquia quiquia.
133,company,Etincidunt numquam consectetur eius tempora.
134,company,Dolor non velit dolore.
135,company,Sed sit eius neque voluptatem.
136,company,Numquam quiquia dolore.
137,company,Amet magnam amet.
138,company,Numquam non magnam numquam.
139,company,Dolor amet non.
140,company,Quiquia amet ipsum dolor.
141,company,Sed amet numquam.
142,company,Numquam sed numquam aliquam aliquam.
143,company,Quaerat numquam aliquam neque dolore.
144,company,Sed dolor quaerat porro est.
145,company,Porro consectetur adipisci etincidunt consectetur.
146,company,Adipisci ut dolorem numquam voluptatem.
147,company,Ipsum velit quiquia neque.
148,company,Velit ut numquam labore.
149,company,Non velit non ipsum.
150,company,Neque est sed.
151,company,Sed labore neque modi.
152,company,Ut non est eius.
153,company,Magnam dolorem amet neque.
154,company,Sit consectetur quisquam est non.
155,company,Aliquam quaerat neque.
156,company,Velit aliquam est.
157,company,Sit sed quisquam dolor tempora.
158,company,Ipsum velit quiquia tempora.
159,company,Ipsum dolore eius.
160,company,Non tempora dolor.
161,company,Est magnam sed.
162,company,Est velit tempora modi neque.
163,company,Porro voluptatem sit neque.
164,company,Quaerat magnam magnam dolore.
165,company,Modi amet modi neque porro.
166,company,Sed tempora amet.
167,company,Numquam non dolorem quiquia quiquia.
168,company,Porro quisquam magnam.
169,company,Aliquam numquam etincidunt.
170,company,Aliquam aliquam dolore voluptatem.
171,company,Dolore magnam ut.
172,company,Aliquam aliquam velit.
173,company,Dolore consectetur quiquia modi.
174,company,Numquam numquam non.
175,company,Neque sit quaerat.
176,company,Dolore modi magnam.
177,company,Sit sed quaerat quaerat dolor.
178,company,Quiquia numquam est adipisci.
179,company,Etincidunt eius ut.
180,company,Quaerat dolor quiquia modi.
181,company,Sed tempora modi amet.
182,company,Dolor sit modi consectetur.
183,company,Modi ut velit labore.
184,company,Sed dolorem quaerat quisquam.
185,company,Dolor ipsum non.
186,company,Ipsum dolor velit porro.
187,company,Tempora numquam numquam.
188,company,Ut consectetur quaerat.
189,company,Labore tempora dolor.
190,company,Voluptatem eius etincidunt.
191,company,Eius voluptatem sit quiquia.
192,company,Consectetur eius velit.
193,company,Sed neque est amet.
194,company,Etincidunt dolore dolorem est dolore.
195,company,Amet velit quiquia aliquam eius.
196,company,Sed est aliquam neque dolorem.
197,company,Est eius adipisci dolore.
198,company,Consectetur labore ut magnam.
199,company,Dolorem dolorem ut.