ID,keyword
111111111,Artificial Intelligence
111111112,Machine Learning
111111113,Data Mining
111111114,Natural Language Processing
111111115,Computer Vision
111111116,Robotics
111111117,Cybersecurity
111111118,Internet of Things (IoT)
111111119,Cloud Computing
111111120,Big Data
111111121,Quantum Computing
111111122,Human-Computer Interaction
111111123,Software Engineering
111111124,Computer Graphics
111111125,Bioinformatics
111111126,Algorithms
111111127,Cryptography
111111128,Parallel Computing
111111129,Wireless Networks
111111130,Information Retrieval